{"1": [-0.38490009480171133, 0.07406603507925831, 0.0], "2": [-0.5118125836514216, 0.2153744162173362, -0.05876685191569833, 0.006477088035743591, 0.0], "3": [-0.5847960145528561, 0.2983458119603238, -0.12683864314217194, 0.03954609326566362, -0.006822803209629969, 0.00045734422686779646, 0.0], "4": [-0.633751739641089, 0.334088534323992, -0.14487954902179315, 0.049445700242729006, -0.011974593202667637, 0.0017760144796657026, -0.0001340962197408634, 3.8745061996167764e-06, 0.0], "5": [-0.6727582529981032, 0.39129758177729035, -0.19950573182523373, 0.08801629953019241, -0.03214144334257958, 0.009014099008616454, -0.0017443079687459821, 0.00020454826623541136, -1.2294106742322893e-05, 2.8530346981988875e-07, 0.0]}
